Year,sex,age,pops,Age,Sex
1995,men,0,3074000,age00_04,/men
1995,men,5,3358000,age05_09,/men
1995,men,10,3836000,age10_14,/men
1995,men,15,4386000,age15_19,/men
1995,men,20,5048000,age20_24,/men
1995,men,25,4521000,age25_29,/men
1995,men,30,4069000,age30_34,/men
1995,men,35,3950000,age35_39,/men
1995,men,40,4530000,age40_44,/men
1995,men,45,5360000,age45_49,/men
1995,men,50,4382000,age50_54,/men
1995,men,55,3916000,age55_59,/men
1995,men,60,3628000,age60_64,/men
1995,men,65,3009000,age65_69,/men
1995,men,70,1954000,age70_74,/men
1995,men,75,1253000,age75_79,/men
1995,men,80,1307000,age80_,/men
1995,women,0,2928000,age00_04,/women
1995,women,5,3195000,age05_09,/women
1995,women,10,3654000,age10_14,/women
1995,women,15,4168000,age15_19,/women
1995,women,20,4856000,age20_24,/women
1995,women,25,4398000,age25_29,/women
1995,women,30,3964000,age30_34,/women
1995,women,35,3876000,age35_39,/women
1995,women,40,4481000,age40_44,/women
1995,women,45,5320000,age45_49,/women
1995,women,50,4453000,age50_54,/women
1995,women,55,4054000,age55_59,/women
1995,women,60,3875000,age60_64,/women
1995,women,65,3404000,age65_69,/women
1995,women,70,2770000,age70_74,/women
1995,women,75,2019000,age75_79,/women
1995,women,80,2578000,age80_,/women
1996,men,0,3058000,age00_04,/men
1996,men,5,3266000,age05_09,/men
1996,men,10,3756000,age10_14,/men
1996,men,15,4233000,age15_19,/men
1996,men,20,4999000,age20_24,/men
1996,men,25,4667000,age25_29,/men
1996,men,30,4113000,age30_34,/men
1996,men,35,3934000,age35_39,/men
1996,men,40,4308000,age40_44,/men
1996,men,45,5466000,age45_49,/men
1996,men,50,4354000,age50_54,/men
1996,men,55,4003000,age55_59,/men
1996,men,60,3675000,age60_64,/men
1996,men,65,3093000,age65_69,/men
1996,men,70,2118000,age70_74,/men
1996,men,75,1283000,age75_79,/men
1996,men,80,1358000,age80_,/men
1996,women,0,2909000,age00_04,/women
1996,women,5,3110000,age05_09,/women
1996,women,10,3580000,age10_14,/women
1996,women,15,4022000,age15_19,/women
1996,women,20,4793000,age20_24,/women
1996,women,25,4540000,age25_29,/women
1996,women,30,4013000,age30_34,/women
1996,women,35,3861000,age35_39,/women
1996,women,40,4258000,age40_44,/women
1996,women,45,5426000,age45_49,/women
1996,women,50,4422000,age50_54,/women
1996,women,55,4146000,age55_59,/women
1996,women,60,3928000,age60_64,/women
1996,women,65,3476000,age65_69,/women
1996,women,70,2872000,age70_74,/women
1996,women,75,2104000,age75_79,/women
1996,women,80,2716000,age80_,/women
1997,men,0,3053000,age00_04,/men
1997,men,5,3191000,age05_09,/men
1997,men,10,3671000,age10_14,/men
1997,men,15,4107000,age15_19,/men
1997,men,20,4899000,age20_24,/men
1997,men,25,4824000,age25_29,/men
1997,men,30,4177000,age30_34,/men
1997,men,35,3940000,age35_39,/men
1997,men,40,4140000,age40_44,/men
1997,men,45,5407000,age45_49,/men
1997,men,50,4401000,age50_54,/men
1997,men,55,4112000,age55_59,/men
1997,men,60,3706000,age60_64,/men
1997,men,65,3163000,age65_69,/men
1997,men,70,2287000,age70_74,/men
1997,men,75,1324000,age75_79,/men
1997,men,80,1405000,age80_,/men
1997,women,0,2907000,age00_04,/women
1997,women,5,3037000,age05_09,/women
1997,women,10,3498000,age10_14,/women
1997,women,15,3899000,age15_19,/women
1997,women,20,4680000,age20_24,/women
1997,women,25,4688000,age25_29,/women
1997,women,30,4074000,age30_34,/women
1997,women,35,3863000,age35_39,/women
1997,women,40,4094000,age40_44,/women
1997,women,45,5375000,age45_49,/women
1997,women,50,4459000,age50_54,/women
1997,women,55,4254000,age55_59,/women
1997,women,60,3959000,age60_64,/women
1997,women,65,3546000,age65_69,/women
1997,women,70,2975000,age70_74,/women
1997,women,75,2203000,age75_79,/women
1997,women,80,2851000,age80_,/women
1998,men,0,3058000,age00_04,/men
1998,men,5,3134000,age05_09,/men
1998,men,10,3571000,age10_14,/men
1998,men,15,4005000,age15_19,/men
1998,men,20,4740000,age20_24,/men
1998,men,25,4951000,age25_29,/men
1998,men,30,4266000,age30_34,/men
1998,men,35,3969000,age35_39,/men
1998,men,40,4026000,age40_44,/men
1998,men,45,5129000,age45_49,/men
1998,men,50,4643000,age50_54,/men
1998,men,55,4212000,age55_59,/men
1998,men,60,3708000,age60_64,/men
1998,men,65,3227000,age65_69,/men
1998,men,70,2435000,age70_74,/men
1998,men,75,1398000,age75_79,/men
1998,men,80,1450000,age80_,/men
1998,women,0,2906000,age00_04,/women
1998,women,5,2981000,age05_09,/women
1998,women,10,3401000,age10_14,/women
1998,women,15,3810000,age15_19,/women
1998,women,20,4522000,age20_24,/women
1998,women,25,4801000,age25_29,/women
1998,women,30,4169000,age30_34,/women
1998,women,35,3892000,age35_39,/women
1998,women,40,3982000,age40_44,/women
1998,women,45,5112000,age45_49,/women
1998,women,50,4688000,age50_54,/women
1998,women,55,4358000,age55_59,/women
1998,women,60,3959000,age60_64,/women
1998,women,65,3615000,age65_69,/women
1998,women,70,3067000,age70_74,/women
1998,women,75,2309000,age75_79,/women
1998,women,80,2987000,age80_,/women
1999,men,0,3053000,age00_04,/men
1999,men,5,3089000,age05_09,/men
1999,men,10,3465000,age10_14,/men
1999,men,15,3919000,age15_19,/men
1999,men,20,4561000,age20_24,/men
1999,men,25,5029000,age25_29,/men
1999,men,30,4373000,age30_34,/men
1999,men,35,4010000,age35_39,/men
1999,men,40,3951000,age40_44,/men
1999,men,45,4768000,age45_49,/men
1999,men,50,4947000,age50_54,/men
1999,men,55,4270000,age55_59,/men
1999,men,60,3710000,age60_64,/men
1999,men,65,3288000,age65_69,/men
1999,men,70,2565000,age70_74,/men
1999,men,75,1487000,age75_79,/men
1999,men,80,1490000,age80_,/men
1999,women,0,2903000,age00_04,/women
1999,women,5,2941000,age05_09,/women
1999,women,10,3298000,age10_14,/women
1999,women,15,3730000,age15_19,/women
1999,women,20,4343000,age20_24,/women
1999,women,25,4864000,age25_29,/women
1999,women,30,4279000,age30_34,/women
1999,women,35,3935000,age35_39,/women
1999,women,40,3912000,age40_44,/women
1999,women,45,4762000,age45_49,/women
1999,women,50,4982000,age50_54,/women
1999,women,55,4427000,age55_59,/women
1999,women,60,3962000,age60_64,/women
1999,women,65,3686000,age65_69,/women
1999,women,70,3153000,age70_74,/women
1999,women,75,2415000,age75_79,/women
1999,women,80,3123000,age80_,/women
2000,men,0,3031000,age00_04,/men
2000,men,5,3089000,age05_09,/men
2000,men,10,3366000,age10_14,/men
2000,men,15,3846000,age15_19,/men
2000,men,20,4315000,age20_24,/men
2000,men,25,4970000,age25_29,/men
2000,men,30,4512000,age30_34,/men
2000,men,35,4053000,age35_39,/men
2000,men,40,3928000,age40_44,/men
2000,men,45,4482000,age45_49,/men
2000,men,50,5233000,age50_54,/men
2000,men,55,4245000,age55_59,/men
2000,men,60,3777000,age60_64,/men
2000,men,65,3373000,age65_69,/men
2000,men,70,2680000,age70_74,/men
2000,men,75,1641000,age75_79,/men
2000,men,80,1567000,age80_,/men
2000,women,0,2890000,age00_04,/women
2000,women,5,2940000,age05_09,/women
2000,women,10,3203000,age10_14,/women
2000,women,15,3658000,age15_19,/women
2000,women,20,4121000,age20_24,/women
2000,women,25,4823000,age25_29,/women
2000,women,30,4407000,age30_34,/women
2000,women,35,3974000,age35_39,/women
2000,women,40,3876000,age40_44,/women
2000,women,45,4463000,age45_49,/women
2000,women,50,5251000,age50_54,/women
2000,women,55,4389000,age55_59,/women
2000,women,60,4013000,age60_64,/women
2000,women,65,3762000,age65_69,/women
2000,women,70,3238000,age70_74,/women
2000,women,75,2537000,age75_79,/women
2000,women,80,3277000,age80_,/women
2001,men,0,3022000,age00_04,/men
2001,men,5,3073000,age05_09,/men
2001,men,10,3269000,age10_14,/men
2001,men,15,3768000,age15_19,/men
2001,men,20,4200000,age20_24,/men
2001,men,25,4915000,age25_29,/men
2001,men,30,4670000,age30_34,/men
2001,men,35,4096000,age35_39,/men
2001,men,40,3917000,age40_44,/men
2001,men,45,4256000,age45_49,/men
2001,men,50,5390000,age50_54,/men
2001,men,55,4207000,age55_59,/men
2001,men,60,3844000,age60_64,/men
2001,men,65,3442000,age65_69,/men
2001,men,70,2763000,age70_74,/men
2001,men,75,1782000,age75_79,/men
2001,men,80,1631000,age80_,/men
2001,women,0,2874000,age00_04,/women
2001,women,5,2925000,age05_09,/women
2001,women,10,3109000,age10_14,/women
2001,women,15,3585000,age15_19,/women
2001,women,20,4008000,age20_24,/women
2001,women,25,4772000,age25_29,/women
2001,women,30,4566000,age30_34,/women
2001,women,35,4018000,age35_39,/women
2001,women,40,3861000,age40_44,/women
2001,women,45,4229000,age45_49,/women
2001,women,50,5412000,age50_54,/women
2001,women,55,4352000,age55_59,/women
2001,women,60,4081000,age60_64,/women
2001,women,65,3831000,age65_69,/women
2001,women,70,3313000,age70_74,/women
2001,women,75,2647000,age75_79,/women
2001,women,80,3466000,age80_,/women
2002,men,0,3010000,age00_04,/men
2002,men,5,3067000,age05_09,/men
2002,men,10,3197000,age10_14,/men
2002,men,15,3678000,age15_19,/men
2002,men,20,4105000,age20_24,/men
2002,men,25,4783000,age25_29,/men
2002,men,30,4796000,age30_34,/men
2002,men,35,4155000,age35_39,/men
2002,men,40,3925000,age40_44,/men
2002,men,45,4092000,age45_49,/men
2002,men,50,5269000,age50_54,/men
2002,men,55,4286000,age55_59,/men
2002,men,60,3950000,age60_64,/men
2002,men,65,3473000,age65_69,/men
2002,men,70,2828000,age70_74,/men
2002,men,75,1921000,age75_79,/men
2002,men,80,1706000,age80_,/men
2002,women,0,2860000,age00_04,/women
2002,women,5,2921000,age05_09,/women
2002,women,10,3043000,age10_14,/women
2002,women,15,3499000,age15_19,/women
2002,women,20,3915000,age20_24,/women
2002,women,25,4641000,age25_29,/women
2002,women,30,4703000,age30_34,/women
2002,women,35,4093000,age35_39,/women
2002,women,40,3876000,age40_44,/women
2002,women,45,4071000,age45_49,/women
2002,women,50,5299000,age50_54,/women
2002,women,55,4423000,age55_59,/women
2002,women,60,4195000,age60_64,/women
2002,women,65,3860000,age65_69,/women
2002,women,70,3380000,age70_74,/women
2002,women,75,2746000,age75_79,/women
2002,women,80,3660000,age80_,/women
2003,men,0,2981000,age00_04,/men
2003,men,5,3055000,age05_09,/men
2003,men,10,3143000,age10_14,/men
2003,men,15,3583000,age15_19,/men
2003,men,20,4025000,age20_24,/men
2003,men,25,4632000,age25_29,/men
2003,men,30,4904000,age30_34,/men
2003,men,35,4245000,age35_39,/men
2003,men,40,3953000,age40_44,/men
2003,men,45,3990000,age45_49,/men
2003,men,50,5007000,age50_54,/men
2003,men,55,4496000,age55_59,/men
2003,men,60,4057000,age60_64,/men
2003,men,65,3497000,age65_69,/men
2003,men,70,2891000,age70_74,/men
2003,men,75,2054000,age75_79,/men
2003,men,80,1797000,age80_,/men
2003,women,0,2827000,age00_04,/women
2003,women,5,2914000,age05_09,/women
2003,women,10,2990000,age10_14,/women
2003,women,15,3406000,age15_19,/women
2003,women,20,3836000,age20_24,/women
2003,women,25,4480000,age25_29,/women
2003,women,30,4809000,age30_34,/women
2003,women,35,4184000,age35_39,/women
2003,women,40,3908000,age40_44,/women
2003,women,45,3967000,age45_49,/women
2003,women,50,5043000,age50_54,/women
2003,women,55,4617000,age55_59,/women
2003,women,60,4309000,age60_64,/women
2003,women,65,3879000,age65_69,/women
2003,women,70,3450000,age70_74,/women
2003,women,75,2836000,age75_79,/women
2003,women,80,3858000,age80_,/women
2004,men,0,2942000,age00_04,/men
2004,men,5,3042000,age05_09,/men
2004,men,10,3106000,age10_14,/men
2004,men,15,3472000,age15_19,/men
2004,men,20,3948000,age20_24,/men
2004,men,25,4473000,age25_29,/men
2004,men,30,4956000,age30_34,/men
2004,men,35,4354000,age35_39,/men
2004,men,40,3981000,age40_44,/men
2004,men,45,3918000,age45_49,/men
2004,men,50,4687000,age50_54,/men
2004,men,55,4811000,age55_59,/men
2004,men,60,4071000,age60_64,/men
2004,men,65,3503000,age65_69,/men
2004,men,70,2963000,age70_74,/men
2004,men,75,2159000,age75_79,/men
2004,men,80,1917000,age80_,/men
2004,women,0,2793000,age00_04,/women
2004,women,5,2898000,age05_09,/women
2004,women,10,2955000,age10_14,/women
2004,women,15,3300000,age15_19,/women
2004,women,20,3765000,age20_24,/women
2004,women,25,4307000,age25_29,/women
2004,women,30,4857000,age30_34,/women
2004,women,35,4296000,age35_39,/women
2004,women,40,3939000,age40_44,/women
2004,women,45,3902000,age45_49,/women
2004,women,50,4722000,age50_54,/women
2004,women,55,4930000,age55_59,/women
2004,women,60,4331000,age60_64,/women
2004,women,65,3878000,age65_69,/women
2004,women,70,3527000,age70_74,/women
2004,women,75,2921000,age75_79,/women
2004,women,80,4075000,age80_,/women
2005,men,0,2868000,age00_04,/men
2005,men,5,3053000,age05_09,/men
2005,men,10,3091000,age10_14,/men
2005,men,15,3393000,age15_19,/men
2005,men,20,3776000,age20_24,/men
2005,men,25,4216000,age25_29,/men
2005,men,30,4954000,age30_34,/men
2005,men,35,4488000,age35_39,/men
2005,men,40,4030000,age40_44,/men
2005,men,45,3882000,age45_49,/men
2005,men,50,4403000,age50_54,/men
2005,men,55,5123000,age55_59,/men
2005,men,60,4123000,age60_64,/men
2005,men,65,3569000,age65_69,/men
2005,men,70,3062000,age70_74,/men
2005,men,75,2269000,age75_79,/men
2005,men,80,2044000,age80_,/men
2005,women,0,2731000,age00_04,/women
2005,women,5,2903000,age05_09,/women
2005,women,10,2939000,age10_14,/women
2005,women,15,3206000,age15_19,/women
2005,women,20,3609000,age20_24,/women
2005,women,25,4093000,age25_29,/women
2005,women,30,4832000,age30_34,/women
2005,women,35,4409000,age35_39,/women
2005,women,40,3973000,age40_44,/women
2005,women,45,3866000,age45_49,/women
2005,women,50,4429000,age50_54,/women
2005,women,55,5216000,age55_59,/women
2005,women,60,4347000,age60_64,/women
2005,women,65,3909000,age65_69,/women
2005,women,70,3617000,age70_74,/women
2005,women,75,3017000,age75_79,/women
2005,women,80,4321000,age80_,/women
2006,men,0,2819000,age00_04,/men
2006,men,5,3035000,age05_09,/men
2006,men,10,3077000,age10_14,/men
2006,men,15,3301000,age15_19,/men
2006,men,20,3747000,age20_24,/men
2006,men,25,4075000,age25_29,/men
2006,men,30,4878000,age30_34,/men
2006,men,35,4628000,age35_39,/men
2006,men,40,4077000,age40_44,/men
2006,men,45,3869000,age45_49,/men
2006,men,50,4182000,age50_54,/men
2006,men,55,5214000,age55_59,/men
2006,men,60,4099000,age60_64,/men
2006,men,65,3660000,age65_69,/men
2006,men,70,3125000,age70_74,/men
2006,men,75,2341000,age75_79,/men
2006,men,80,2195000,age80_,/men
2006,women,0,2682000,age00_04,/women
2006,women,5,2886000,age05_09,/women
2006,women,10,2927000,age10_14,/women
2006,women,15,3130000,age15_19,/women
2006,women,20,3561000,age20_24,/women
2006,women,25,3945000,age25_29,/women
2006,women,30,4750000,age30_34,/women
2006,women,35,4542000,age35_39,/women
2006,women,40,4020000,age40_44,/women
2006,women,45,3849000,age45_49,/women
2006,women,50,4205000,age50_54,/women
2006,women,55,5314000,age55_59,/women
2006,women,60,4323000,age60_64,/women
2006,women,65,3997000,age65_69,/women
2006,women,70,3676000,age70_74,/women
2006,women,75,3086000,age75_79,/women
2006,women,80,4547000,age80_,/women
2007,men,0,2786000,age00_04,/men
2007,men,5,3009000,age05_09,/men
2007,men,10,3068000,age10_14,/men
2007,men,15,3217000,age15_19,/men
2007,men,20,3708000,age20_24,/men
2007,men,25,3970000,age25_29,/men
2007,men,30,4745000,age30_34,/men
2007,men,35,4767000,age35_39,/men
2007,men,40,4136000,age40_44,/men
2007,men,45,3875000,age45_49,/men
2007,men,50,4025000,age50_54,/men
2007,men,55,5150000,age55_59,/men
2007,men,60,4146000,age60_64,/men
2007,men,65,3767000,age65_69,/men
2007,men,70,3173000,age70_74,/men
2007,men,75,2406000,age75_79,/men
2007,men,80,2355000,age80_,/men
2007,women,0,2654000,age00_04,/women
2007,women,5,2858000,age05_09,/women
2007,women,10,2920000,age10_14,/women
2007,women,15,3062000,age15_19,/women
2007,women,20,3514000,age20_24,/women
2007,women,25,3830000,age25_29,/women
2007,women,30,4611000,age30_34,/women
2007,women,35,4666000,age35_39,/women
2007,women,40,4075000,age40_44,/women
2007,women,45,3850000,age45_49,/women
2007,women,50,4039000,age50_54,/women
2007,women,55,5256000,age55_59,/women
2007,women,60,4364000,age60_64,/women
2007,women,65,4111000,age65_69,/women
2007,women,70,3714000,age70_74,/women
2007,women,75,3156000,age75_79,/women
2007,women,80,4778000,age80_,/women
2008,men,0,2774000,age00_04,/men
2008,men,5,2962000,age05_09,/men
2008,men,10,3061000,age10_14,/men
2008,men,15,3159000,age15_19,/men
2008,men,20,3642000,age20_24,/men
2008,men,25,3895000,age25_29,/men
2008,men,30,4568000,age30_34,/men
2008,men,35,4870000,age35_39,/men
2008,men,40,4216000,age40_44,/men
2008,men,45,3905000,age45_49,/men
2008,men,50,3917000,age50_54,/men
2008,men,55,4895000,age55_59,/men
2008,men,60,4363000,age60_64,/men
2008,men,65,3856000,age65_69,/men
2008,men,70,3190000,age70_74,/men
2008,men,75,2472000,age75_79,/men
2008,men,80,2510000,age80_,/men
2008,women,0,2639000,age00_04,/women
2008,women,5,2816000,age05_09,/women
2008,women,10,2914000,age10_14,/women
2008,women,15,3011000,age15_19,/women
2008,women,20,3449000,age20_24,/women
2008,women,25,3742000,age25_29,/women
2008,women,30,4433000,age30_34,/women
2008,women,35,4759000,age35_39,/women
2008,women,40,4151000,age40_44,/women
2008,women,45,3874000,age45_49,/women
2008,women,50,3929000,age50_54,/women
2008,women,55,4998000,age55_59,/women
2008,women,60,4572000,age60_64,/women
2008,women,65,4210000,age65_69,/women
2008,women,70,3720000,age70_74,/women
2008,women,75,3227000,age75_79,/women
2008,women,80,4997000,age80_,/women
2009,men,0,2761000,age00_04,/men
2009,men,5,2907000,age05_09,/men
2009,men,10,3048000,age10_14,/men
2009,men,15,3117000,age15_19,/men
2009,men,20,3548000,age20_24,/men
2009,men,25,3832000,age25_29,/men
2009,men,30,4369000,age30_34,/men
2009,men,35,4918000,age35_39,/men
2009,men,40,4314000,age40_44,/men
2009,men,45,3942000,age45_49,/men
2009,men,50,3846000,age50_54,/men
2009,men,55,4564000,age55_59,/men
2009,men,60,4638000,age60_64,/men
2009,men,65,3907000,age65_69,/men
2009,men,70,3215000,age70_74,/men
2009,men,75,2538000,age75_79,/men
2009,men,80,2672000,age80_,/men
2009,women,0,2625000,age00_04,/women
2009,women,5,2765000,age05_09,/women
2009,women,10,2903000,age10_14,/women
2009,women,15,2972000,age15_19,/women
2009,women,20,3362000,age20_24,/women
2009,women,25,3669000,age25_29,/women
2009,women,30,4238000,age30_34,/women
2009,women,35,4797000,age35_39,/women
2009,women,40,4246000,age40_44,/women
2009,women,45,3904000,age45_49,/women
2009,women,50,3859000,age50_54,/women
2009,women,55,4665000,age55_59,/women
2009,women,60,4848000,age60_64,/women
2009,women,65,4271000,age65_69,/women
2009,women,70,3730000,age70_74,/women
2009,women,75,3297000,age75_79,/women
2009,women,80,5229000,age80_,/women
2010,men,0,2715000,age00_04,/men
2010,men,5,2870000,age05_09,/men
2010,men,10,3047000,age10_14,/men
2010,men,15,3119000,age15_19,/men
2010,men,20,3330000,age20_24,/men
2010,men,25,3758000,age25_29,/men
2010,men,30,4272000,age30_34,/men
2010,men,35,4994000,age35_39,/men
2010,men,40,4508000,age40_44,/men
2010,men,45,4015000,age45_49,/men
2010,men,50,3842000,age50_54,/men
2010,men,55,4340000,age55_59,/men
2010,men,60,4966000,age60_64,/men
2010,men,65,3901000,age65_69,/men
2010,men,70,3271000,age70_74,/men
2010,men,75,2608000,age75_79,/men
2010,men,80,2764000,age80_,/men
2010,women,0,2589000,age00_04,/women
2010,women,5,2732000,age05_09,/women
2010,women,10,2904000,age10_14,/women
2010,women,15,2962000,age15_19,/women
2010,women,20,3201000,age20_24,/women
2010,women,25,3636000,age25_29,/women
2010,women,30,4146000,age30_34,/women
2010,women,35,4853000,age35_39,/women
2010,women,40,4426000,age40_44,/women
2010,women,45,3973000,age45_49,/women
2010,women,50,3847000,age50_54,/women
2010,women,55,4410000,age55_59,/women
2010,women,60,5153000,age60_64,/women
2010,women,65,4258000,age65_69,/women
2010,women,70,3792000,age70_74,/women
2010,women,75,3398000,age75_79,/women
2010,women,80,5446000,age80_,/women
2011,men,0,2713000,age00_04,/men
2011,men,5,2816000,age05_09,/men
2011,men,10,3027000,age10_14,/men
2011,men,15,3116000,age15_19,/men
2011,men,20,3256000,age20_24,/men
2011,men,25,3672000,age25_29,/men
2011,men,30,4107000,age30_34,/men
2011,men,35,4918000,age35_39,/men
2011,men,40,4658000,age40_44,/men
2011,men,45,4058000,age45_49,/men
2011,men,50,3830000,age50_54,/men
2011,men,55,4111000,age55_59,/men
2011,men,60,5104000,age60_64,/men
2011,men,65,3873000,age65_69,/men
2011,men,70,3345000,age70_74,/men
2011,men,75,2672000,age75_79,/men
2011,men,80,2909000,age80_,/men
2011,women,0,2583000,age00_04,/women
2011,women,5,2683000,age05_09,/women
2011,women,10,2883000,age10_14,/women
2011,women,15,2958000,age15_19,/women
2011,women,20,3116000,age20_24,/women
2011,women,25,3544000,age25_29,/women
2011,women,30,3991000,age30_34,/women
2011,women,35,4776000,age35_39,/women
2011,women,40,4564000,age40_44,/women
2011,women,45,4014000,age45_49,/women
2011,women,50,3831000,age50_54,/women
2011,women,55,4174000,age55_59,/women
2011,women,60,5292000,age60_64,/women
2011,women,65,4226000,age65_69,/women
2011,women,70,3860000,age70_74,/women
2011,women,75,3458000,age75_79,/women
2011,women,80,5659000,age80_,/women
2012,men,0,2698000,age00_04,/men
2012,men,5,2771000,age05_09,/men
2012,men,10,2999000,age10_14,/men
2012,men,15,3104000,age15_19,/men
2012,men,20,3210000,age20_24,/men
2012,men,25,3585000,age25_29,/men
2012,men,30,3975000,age30_34,/men
2012,men,35,4772000,age35_39,/men
2012,men,40,4791000,age40_44,/men
2012,men,45,4122000,age45_49,/men
2012,men,50,3842000,age50_54,/men
2012,men,55,3954000,age55_59,/men
2012,men,60,5004000,age60_64,/men
2012,men,65,3969000,age65_69,/men
2012,men,70,3457000,age70_74,/men
2012,men,75,2717000,age75_79,/men
2012,men,80,3059000,age80_,/men
2012,women,0,2570000,age00_04,/women
2012,women,5,2643000,age05_09,/women
2012,women,10,2855000,age10_14,/women
2012,women,15,2951000,age15_19,/women
2012,women,20,3062000,age20_24,/women
2012,women,25,3451000,age25_29,/women
2012,women,30,3862000,age30_34,/women
2012,women,35,4636000,age35_39,/women
2012,women,40,4686000,age40_44,/women
2012,women,45,4073000,age45_49,/women
2012,women,50,3839000,age50_54,/women
2012,women,55,4011000,age55_59,/women
2012,women,60,5197000,age60_64,/women
2012,women,65,4306000,age65_69,/women
2012,women,70,3976000,age70_74,/women
2012,women,75,3492000,age75_79,/women
2012,women,80,5873000,age80_,/women
2013,men,0,2689000,age00_04,/men
2013,men,5,2740000,age05_09,/men
2013,men,10,2965000,age10_14,/men
2013,men,15,3092000,age15_19,/men
2013,men,20,3189000,age20_24,/men
2013,men,25,3502000,age25_29,/men
2013,men,30,3869000,age30_34,/men
2013,men,35,4593000,age35_39,/men
2013,men,40,4894000,age40_44,/men
2013,men,45,4207000,age45_49,/men
2013,men,50,3871000,age50_54,/men
2013,men,55,3851000,age55_59,/men
2013,men,60,4762000,age60_64,/men
2013,men,65,4165000,age65_69,/men
2013,men,70,3552000,age70_74,/men
2013,men,75,2756000,age75_79,/men
2013,men,80,3205000,age80_,/men
2013,women,0,2559000,age00_04,/women
2013,women,5,2614000,age05_09,/women
2013,women,10,2823000,age10_14,/women
2013,women,15,2944000,age15_19,/women
2013,women,20,3027000,age20_24,/women
2013,women,25,3361000,age25_29,/women
2013,women,30,3761000,age30_34,/women
2013,women,35,4468000,age35_39,/women
2013,women,40,4784000,age40_44,/women
2013,women,45,4159000,age45_49,/women
2013,women,50,3865000,age50_54,/women
2013,women,55,3903000,age55_59,/women
2013,women,60,4945000,age60_64,/women
2013,women,65,4497000,age65_69,/women
2013,women,70,4082000,age70_74,/women
2013,women,75,3512000,age75_79,/women
2013,women,80,6084000,age80_,/women
2014,men,0,2673000,age00_04,/men
2014,men,5,2719000,age05_09,/men
2014,men,10,2918000,age10_14,/men
2014,men,15,3081000,age15_19,/men
2014,men,20,3192000,age20_24,/men
2014,men,25,3417000,age25_29,/men
2014,men,30,3785000,age30_34,/men
2014,men,35,4406000,age35_39,/men
2014,men,40,4953000,age40_44,/men
2014,men,45,4322000,age45_49,/men
2014,men,50,3907000,age50_54,/men
2014,men,55,3784000,age55_59,/men
2014,men,60,4462000,age60_64,/men
2014,men,65,4457000,age65_69,/men
2014,men,70,3570000,age70_74,/men
2014,men,75,2787000,age75_79,/men
2014,men,80,3365000,age80_,/men
2014,women,0,2541000,age00_04,/women
2014,women,5,2595000,age05_09,/women
2014,women,10,2778000,age10_14,/women
2014,women,15,2934000,age15_19,/women
2014,women,20,3014000,age20_24,/women
2014,women,25,3265000,age25_29,/women
2014,women,30,3677000,age30_34,/women
2014,women,35,4288000,age35_39,/women
2014,women,40,4835000,age40_44,/women
2014,women,45,4270000,age45_49,/women
2014,women,50,3894000,age50_54,/women
2014,women,55,3835000,age55_59,/women
2014,women,60,4631000,age60_64,/women
2014,women,65,4792000,age65_69,/women
2014,women,70,4110000,age70_74,/women
2014,women,75,3522000,age75_79,/women
2014,women,80,6310000,age80_,/women
2015,men,0,2560000,age00_04,/men
2015,men,5,2724000,age05_09,/men
2015,men,10,2882000,age10_14,/men
2015,men,15,3115000,age15_19,/men
2015,men,20,3118000,age20_24,/men
2015,men,25,3336000,age25_29,/men
2015,men,30,3752000,age30_34,/men
2015,men,35,4266000,age35_39,/men
2015,men,40,4982000,age40_44,/men
2015,men,45,4485000,age45_49,/men
2015,men,50,3974000,age50_54,/men
2015,men,55,3781000,age55_59,/men
2015,men,60,4215000,age60_64,/men
2015,men,65,4738000,age65_69,/men
2015,men,70,3575000,age70_74,/men
2015,men,75,2831000,age75_79,/men
2015,men,80,3507000,age80_,/men
2015,women,0,2444000,age00_04,/women
2015,women,5,2593000,age05_09,/women
2015,women,10,2744000,age10_14,/women
2015,women,15,2946000,age15_19,/women
2015,women,20,2966000,age20_24,/women
2015,women,25,3204000,age25_29,/women
2015,women,30,3646000,age30_34,/women
2015,women,35,4147000,age35_39,/women
2015,women,40,4853000,age40_44,/women
2015,women,45,4407000,age45_49,/women
2015,women,50,3942000,age50_54,/women
2015,women,55,3812000,age55_59,/women
2015,women,60,4349000,age60_64,/women
2015,women,65,5055000,age65_69,/women
2015,women,70,4102000,age70_74,/women
2015,women,75,3553000,age75_79,/women
2015,women,80,6491000,age80_,/women
2016,men,0,2551000,age00_04,/men
2016,men,5,2712000,age05_09,/men
2016,men,10,2834000,age10_14,/men
2016,men,15,3092000,age15_19,/men
2016,men,20,3161000,age20_24,/men
2016,men,25,3284000,age25_29,/men
2016,men,30,3696000,age30_34,/men
2016,men,35,4130000,age35_39,/men
2016,men,40,4919000,age40_44,/men
2016,men,45,4641000,age45_49,/men
2016,men,50,4032000,age50_54,/men
2016,men,55,3775000,age55_59,/men
2016,men,60,4006000,age60_64,/men
2016,men,65,4827000,age65_69,/men
2016,men,70,3577000,age70_74,/men
2016,men,75,2921000,age75_79,/men
2016,men,80,3659000,age80_,/men
2016,women,0,2432000,age00_04,/women
2016,women,5,2582000,age05_09,/women
2016,women,10,2698000,age10_14,/women
2016,women,15,2934000,age15_19,/women
2016,women,20,3002000,age20_24,/women
2016,women,25,3139000,age25_29,/women
2016,women,30,3580000,age30_34,/women
2016,women,35,4012000,age35_39,/women
2016,women,40,4786000,age40_44,/women
2016,women,45,4553000,age45_49,/women
2016,women,50,3996000,age50_54,/women
2016,women,55,3800000,age55_59,/women
2016,women,60,4125000,age60_64,/women
2016,women,65,5151000,age65_69,/women
2016,women,70,4091000,age70_74,/women
2016,women,75,3640000,age75_79,/women
2016,women,80,6702000,age80_,/women
2017,men,0,2522000,age00_04,/men
2017,men,5,2695000,age05_09,/men
2017,men,10,2796000,age10_14,/men
2017,men,15,3062000,age15_19,/men
2017,men,20,3206000,age20_24,/men
2017,men,25,3251000,age25_29,/men
2017,men,30,3635000,age30_34,/men
2017,men,35,4019000,age35_39,/men
2017,men,40,4799000,age40_44,/men
2017,men,45,4794000,age45_49,/men
2017,men,50,4101000,age50_54,/men
2017,men,55,3791000,age55_59,/men
2017,men,60,3857000,age60_64,/men
2017,men,65,4773000,age65_69,/men
2017,men,70,3646000,age70_74,/men
2017,men,75,3015000,age75_79,/men
2017,men,80,3788000,age80_,/men
2017,women,0,2403000,age00_04,/women
2017,women,5,2566000,age05_09,/women
2017,women,10,2663000,age10_14,/women
2017,women,15,2911000,age15_19,/women
2017,women,20,3043000,age20_24,/women
2017,women,25,3099000,age25_29,/women
2017,women,30,3512000,age30_34,/women
2017,women,35,3904000,age35_39,/women
2017,women,40,4664000,age40_44,/women
2017,women,45,4695000,age45_49,/women
2017,women,50,4062000,age50_54,/women
2017,women,55,3810000,age55_59,/women
2017,women,60,3964000,age60_64,/women
2017,women,65,5091000,age65_69,/women
2017,women,70,4150000,age70_74,/women
2017,women,75,3747000,age75_79,/women
2017,women,80,6883000,age80_,/women
2018,men,0,2483000,age00_04,/men
2018,men,5,2670000,age05_09,/men
2018,men,10,2775000,age10_14,/men
2018,men,15,3026000,age15_19,/men
2018,men,20,3239000,age20_24,/men
2018,men,25,3244000,age25_29,/men
2018,men,30,3565000,age30_34,/men
2018,men,35,3934000,age35_39,/men
2018,men,40,4636000,age40_44,/men
2018,men,45,4917000,age45_49,/men
2018,men,50,4198000,age50_54,/men
2018,men,55,3827000,age55_59,/men
2018,men,60,3759000,age60_64,/men
2018,men,65,4554000,age65_69,/men
2018,men,70,3854000,age70_74,/men
2018,men,75,3083000,age75_79,/men
2018,men,80,3906000,age80_,/men
2018,women,0,2365000,age00_04,/women
2018,women,5,2542000,age05_09,/women
2018,women,10,2639000,age10_14,/women
2018,women,15,2878000,age15_19,/women
2018,women,20,3078000,age20_24,/women
2018,women,25,3082000,age25_29,/women
2018,women,30,3432000,age30_34,/women
2018,women,35,3819000,age35_39,/women
2018,women,40,4502000,age40_44,/women
2018,women,45,4809000,age45_49,/women
2018,women,50,4152000,age50_54,/women
2018,women,55,3837000,age55_59,/women
2018,women,60,3859000,age60_64,/women
2018,women,65,4850000,age65_69,/women
2018,women,70,4350000,age70_74,/women
2018,women,75,3835000,age75_79,/women
2018,women,80,7042000,age80_,/women
2019,men,0,2418000,age00_04,/men
2019,men,5,2645000,age05_09,/men
2019,men,10,2760000,age10_14,/men
2019,men,15,2986000,age15_19,/men
2019,men,20,3261000,age20_24,/men
2019,men,25,3262000,age25_29,/men
2019,men,30,3503000,age30_34,/men
2019,men,35,3872000,age35_39,/men
2019,men,40,4462000,age40_44,/men
2019,men,45,4991000,age45_49,/men
2019,men,50,4318000,age50_54,/men
2019,men,55,3877000,age55_59,/men
2019,men,60,3705000,age60_64,/men
2019,men,65,4268000,age65_69,/men
2019,men,70,4109000,age70_74,/men
2019,men,75,3120000,age75_79,/men
2019,men,80,4034000,age80_,/men
2019,women,0,2301000,age00_04,/women
2019,women,5,2517000,age05_09,/women
2019,women,10,2624000,age10_14,/women
2019,women,15,2837000,age15_19,/women
2019,women,20,3099000,age20_24,/women
2019,women,25,3088000,age25_29,/women
2019,women,30,3356000,age30_34,/women
2019,women,35,3755000,age35_39,/women
2019,women,40,4332000,age40_44,/women
2019,women,45,4871000,age45_49,/women
2019,women,50,4267000,age50_54,/women
2019,women,55,3881000,age55_59,/women
2019,women,60,3794000,age60_64,/women
2019,women,65,4537000,age65_69,/women
2019,women,70,4614000,age70_74,/women
2019,women,75,3884000,age75_79,/women
2019,women,80,7202000,age80_,/women
2020,men,0,2322000,age00_04,/men
2020,men,5,2622000,age05_09,/men
2020,men,10,2755000,age10_14,/men
2020,men,15,2930000,age15_19,/men
2020,men,20,3236000,age20_24,/men
2020,men,25,3278000,age25_29,/men
2020,men,30,3434000,age30_34,/men
2020,men,35,3809000,age35_39,/men
2020,men,40,4297000,age40_44,/men
2020,men,45,4985000,age45_49,/men
2020,men,50,4457000,age50_54,/men
2020,men,55,3915000,age55_59,/men
2020,men,60,3672000,age60_64,/men
2020,men,65,4014000,age65_69,/men
2020,men,70,4328000,age70_74,/men
2020,men,75,3104000,age75_79,/men
2020,men,80,4188000,age80_,/men
2020,women,0,2218000,age00_04,/women
2020,women,5,2496000,age05_09,/women
2020,women,10,2619000,age10_14,/women
2020,women,15,2784000,age15_19,/women
2020,women,20,3089000,age20_24,/women
2020,women,25,3105000,age25_29,/women
2020,women,30,3286000,age30_34,/women
2020,women,35,3695000,age35_39,/women
2020,women,40,4176000,age40_44,/women
2020,women,45,4866000,age45_49,/women
2020,women,50,4405000,age50_54,/women
2020,women,55,3924000,age55_59,/women
2020,women,60,3761000,age60_64,/women
2020,women,65,4254000,age65_69,/women
2020,women,70,4850000,age70_74,/women
2020,women,75,3863000,age75_79,/women
2020,women,80,7416000,age80_,/women
2021,men,0,2250000,age00_04,/men
2021,men,5,2582000,age05_09,/men
2021,men,10,2739000,age10_14,/men
2021,men,15,2873000,age15_19,/men
2021,men,20,3202000,age20_24,/men
2021,men,25,3274000,age25_29,/men
2021,men,30,3350000,age30_34,/men
2021,men,35,3734000,age35_39,/men
2021,men,40,4149000,age40_44,/men
2021,men,45,4916000,age45_49,/men
2021,men,50,4612000,age50_54,/men
2021,men,55,3962000,age55_59,/men
2021,men,60,3666000,age60_64,/men
2021,men,65,3811000,age65_69,/men
2021,men,70,4447000,age70_74,/men
2021,men,75,3100000,age75_79,/men
2021,men,80,4353000,age80_,/men
2021,women,0,2144000,age00_04,/women
2021,women,5,2458000,age05_09,/women
2021,women,10,2603000,age10_14,/women
2021,women,15,2724000,age15_19,/women
2021,women,20,3054000,age20_24,/women
2021,women,25,3100000,age25_29,/women
2021,women,30,3203000,age30_34,/women
2021,women,35,3617000,age35_39,/women
2021,women,40,4034000,age40_44,/women
2021,women,45,4795000,age45_49,/women
2021,women,50,4549000,age50_54,/women
2021,women,55,3968000,age55_59,/women
2021,women,60,3749000,age60_64,/women
2021,women,65,4031000,age65_69,/women
2021,women,70,4978000,age70_74,/women
2021,women,75,3844000,age75_79,/women
2021,women,80,7630000,age80_,/women
2022,men,0,2331000,age00_04,/men
2022,men,5,2510000,age05_09,/men
2022,men,10,2683000,age10_14,/men
2022,men,15,2799000,age15_19,/men
2022,men,20,3110000,age20_24,/men
2022,men,25,3199000,age25_29,/men
2022,men,30,3213000,age30_34,/men
2022,men,35,3587000,age35_39,/men
2022,men,40,3972000,age40_44,/men
2022,men,45,4732000,age45_49,/men
2022,men,50,4711000,age50_54,/men
2022,men,55,4004000,age55_59,/men
2022,men,60,3662000,age60_64,/men
2022,men,65,3659000,age65_69,/men
2022,men,70,4393000,age70_74,/men
2022,men,75,3254000,age75_79,/men
2022,men,80,4545000,age80_,/men
2022,women,0,2215000,age00_04,/women
2022,women,5,2396000,age05_09,/women
2022,women,10,2559000,age10_14,/women
2022,women,15,2671000,age15_19,/women
2022,women,20,2960000,age20_24,/women
2022,women,25,3028000,age25_29,/women
2022,women,30,3065000,age30_34,/women
2022,women,35,3479000,age35_39,/women
2022,women,40,3880000,age40_44,/women
2022,women,45,4634000,age45_49,/women
2022,women,50,4653000,age50_54,/women
2022,women,55,4010000,age55_59,/women
2022,women,60,3751000,age60_64,/women
2022,women,65,3878000,age65_69,/women
2022,women,70,4923000,age70_74,/women
2022,women,75,3939000,age75_79,/women
2022,women,80,7904000,age80_,/women
2023,men,0,2286000,age00_04,/men
2023,men,5,2483000,age05_09,/men
2023,men,10,2649000,age10_14,/men
2023,men,15,2769000,age15_19,/men
2023,men,20,3065000,age20_24,/men
2023,men,25,3214000,age25_29,/men
2023,men,30,3178000,age30_34,/men
2023,men,35,3503000,age35_39,/men
2023,men,40,3870000,age40_44,/men
2023,men,45,4562000,age45_49,/men
2023,men,50,4817000,age50_54,/men
2023,men,55,4093000,age55_59,/men
2023,men,60,3694000,age60_64,/men
2023,men,65,3562000,age65_69,/men
2023,men,70,4204000,age70_74,/men
2023,men,75,3436000,age75_79,/men
2023,men,80,4688000,age80_,/men
2023,women,0,2172000,age00_04,/women
2023,women,5,2368000,age05_09,/women
2023,women,10,2527000,age10_14,/women
2023,women,15,2645000,age15_19,/women
2023,women,20,2920000,age20_24,/women
2023,women,25,3040000,age25_29,/women
2023,women,30,3025000,age30_34,/women
2023,women,35,3387000,age35_39,/women
2023,women,40,3786000,age40_44,/women
2023,women,45,4468000,age45_49,/women
2023,women,50,4754000,age50_54,/women
2023,women,55,4095000,age55_59,/women
2023,women,60,3775000,age60_64,/women
2023,women,65,3776000,age65_69,/women
2023,women,70,4698000,age70_74,/women
2023,women,75,4130000,age75_79,/women
2023,women,80,8113000,age80_,/women
2024,men,0,2247000,age00_04,/men
2024,men,5,2452000,age05_09,/men
2024,men,10,2611000,age10_14,/men
2024,men,15,2753000,age15_19,/men
2024,men,20,3006000,age20_24,/men
2024,men,25,3220000,age25_29,/men
2024,men,30,3169000,age30_34,/men
2024,men,35,3413000,age35_39,/men
2024,men,40,3790000,age40_44,/men
2024,men,45,4383000,age45_49,/men
2024,men,50,4873000,age50_54,/men
2024,men,55,4207000,age55_59,/men
2024,men,60,3726000,age60_64,/men
2024,men,65,3506000,age65_69,/men
2024,men,70,3958000,age70_74,/men
2024,men,75,3669000,age75_79,/men
2024,men,80,4790000,age80_,/men
2024,women,0,2136000,age00_04,/women
2024,women,5,2338000,age05_09,/women
2024,women,10,2492000,age10_14,/women
2024,women,15,2627000,age15_19,/women
2024,women,20,2872000,age20_24,/women
2024,women,25,3045000,age25_29,/women
2024,women,30,3006000,age30_34,/women
2024,women,35,3292000,age35_39,/women
2024,women,40,3706000,age40_44,/women
2024,women,45,4293000,age45_49,/women
2024,women,50,4807000,age50_54,/women
2024,women,55,4204000,age55_59,/women
2024,women,60,3806000,age60_64,/women
2024,women,65,3711000,age65_69,/women
2024,women,70,4404000,age70_74,/women
2024,women,75,4399000,age75_79,/women
2024,women,80,8256000,age80_,/women
2025,men,0,2215000,age00_04,/men
2025,men,5,2416000,age05_09,/men
2025,men,10,2574000,age10_14,/men
2025,men,15,2738000,age15_19,/men
2025,men,20,2948000,age20_24,/men
2025,men,25,3213000,age25_29,/men
2025,men,30,3172000,age30_34,/men
2025,men,35,3328000,age35_39,/men
2025,men,40,3715000,age40_44,/men
2025,men,45,4212000,age45_49,/men
2025,men,50,4868000,age50_54,/men
2025,men,55,4340000,age55_59,/men
2025,men,60,3768000,age60_64,/men
2025,men,65,3479000,age65_69,/men
2025,men,70,3721000,age70_74,/men
2025,men,75,3852000,age75_79,/men
2025,men,80,4890000,age80_,/men
2025,women,0,2105000,age00_04,/women
2025,women,5,2302000,age05_09,/women
2025,women,10,2458000,age10_14,/women
2025,women,15,2614000,age15_19,/women
2025,women,20,2819000,age20_24,/women
2025,women,25,3041000,age25_29,/women
2025,women,30,3005000,age30_34,/women
2025,women,35,3201000,age35_39,/women
2025,women,40,3634000,age40_44,/women
2025,women,45,4127000,age45_49,/women
2025,women,50,4803000,age50_54,/women
2025,women,55,4334000,age55_59,/women
2025,women,60,3844000,age60_64,/women
2025,women,65,3676000,age65_69,/women
2025,women,70,4126000,age70_74,/women
2025,women,75,4630000,age75_79,/women
2025,women,80,8378000,age80_,/women
2026,men,0,2189000,age00_04,/men
2026,men,5,2374000,age05_09,/men
2026,men,10,2543000,age10_14,/men
2026,men,15,2720000,age15_19,/men
2026,men,20,2895000,age20_24,/men
2026,men,25,3191000,age25_29,/men
2026,men,30,3186000,age30_34,/men
2026,men,35,3257000,age35_39,/men
2026,men,40,3640000,age40_44,/men
2026,men,45,4063000,age45_49,/men
2026,men,50,4795000,age50_54,/men
2026,men,55,4482000,age55_59,/men
2026,men,60,3820000,age60_64,/men
2026,men,65,3474000,age65_69,/men
2026,men,70,3537000,age70_74,/men
2026,men,75,3915000,age75_79,/men
2026,men,80,5036000,age80_,/men
2026,women,0,2081000,age00_04,/women
2026,women,5,2259000,age05_09,/women
2026,women,10,2427000,age10_14,/women
2026,women,15,2597000,age15_19,/women
2026,women,20,2771000,age20_24,/women
2026,women,25,3026000,age25_29,/women
2026,women,30,3015000,age30_34,/women
2026,women,35,3123000,age35_39,/women
2026,women,40,3557000,age40_44,/women
2026,women,45,3985000,age45_49,/women
2026,women,50,4731000,age50_54,/women
2026,women,55,4472000,age55_59,/women
2026,women,60,3893000,age60_64,/women
2026,women,65,3665000,age65_69,/women
2026,women,70,3913000,age70_74,/women
2026,women,75,4721000,age75_79,/women
2026,women,80,8552000,age80_,/women
2027,men,0,2169000,age00_04,/men
2027,men,5,2329000,age05_09,/men
2027,men,10,2513000,age10_14,/men
2027,men,15,2693000,age15_19,/men
2027,men,20,2856000,age20_24,/men
2027,men,25,3158000,age25_29,/men
2027,men,30,3204000,age30_34,/men
2027,men,35,3204000,age35_39,/men
2027,men,40,3563000,age40_44,/men
2027,men,45,3941000,age45_49,/men
2027,men,50,4669000,age50_54,/men
2027,men,55,4615000,age55_59,/men
2027,men,60,3886000,age60_64,/men
2027,men,65,3488000,age65_69,/men
2027,men,70,3399000,age70_74,/men
2027,men,75,3866000,age75_79,/men
2027,men,80,5223000,age80_,/men
2027,women,0,2062000,age00_04,/women
2027,women,5,2215000,age05_09,/women
2027,women,10,2399000,age10_14,/women
2027,women,15,2574000,age15_19,/women
2027,women,20,2733000,age20_24,/women
2027,women,25,2996000,age25_29,/women
2027,women,30,3030000,age30_34,/women
2027,women,35,3060000,age35_39,/women
2027,women,40,3474000,age40_44,/women
2027,women,45,3868000,age45_49,/women
2027,women,50,4605000,age50_54,/women
2027,women,55,4603000,age55_59,/women
2027,women,60,3955000,age60_64,/women
2027,women,65,3674000,age65_69,/women
2027,women,70,3760000,age70_74,/women
2027,women,75,4661000,age75_79,/women
2027,women,80,8792000,age80_,/women
2028,men,0,2152000,age00_04,/men
2028,men,5,2286000,age05_09,/men
2028,men,10,2485000,age10_14,/men
2028,men,15,2661000,age15_19,/men
2028,men,20,2827000,age20_24,/men
2028,men,25,3109000,age25_29,/men
2028,men,30,3217000,age30_34,/men
2028,men,35,3174000,age35_39,/men
2028,men,40,3476000,age40_44,/men
2028,men,45,3843000,age45_49,/men
2028,men,50,4506000,age50_54,/men
2028,men,55,4719000,age55_59,/men
2028,men,60,3978000,age60_64,/men
2028,men,65,3513000,age65_69,/men
2028,men,70,3310000,age70_74,/men
2028,men,75,3713000,age75_79,/men
2028,men,80,5459000,age80_,/men
2028,women,0,2045000,age00_04,/women
2028,women,5,2173000,age05_09,/women
2028,women,10,2370000,age10_14,/women
2028,women,15,2543000,age15_19,/women
2028,women,20,2707000,age20_24,/women
2028,women,25,2955000,age25_29,/women
2028,women,30,3042000,age30_34,/women
2028,women,35,3022000,age35_39,/women
2028,women,40,3381000,age40_44,/women
2028,women,45,3775000,age45_49,/women
2028,women,50,4441000,age50_54,/women
2028,women,55,4707000,age55_59,/women
2028,women,60,4041000,age60_64,/women
2028,women,65,3697000,age65_69,/women
2028,women,70,3659000,age70_74,/women
2028,women,75,4458000,age75_79,/women
2028,women,80,9109000,age80_,/women
2029,men,0,2137000,age00_04,/men
2029,men,5,2249000,age05_09,/men
2029,men,10,2452000,age10_14,/men
2029,men,15,2626000,age15_19,/men
2029,men,20,2807000,age20_24,/men
2029,men,25,3055000,age25_29,/men
2029,men,30,3221000,age30_34,/men
2029,men,35,3161000,age35_39,/men
2029,men,40,3390000,age40_44,/men
2029,men,45,3758000,age45_49,/men
2029,men,50,4333000,age50_54,/men
2029,men,55,4771000,age55_59,/men
2029,men,60,4089000,age60_64,/men
2029,men,65,3549000,age65_69,/men
2029,men,70,3256000,age70_74,/men
2029,men,75,3523000,age75_79,/men
2029,men,80,5687000,age80_,/men
2029,women,0,2031000,age00_04,/women
2029,women,5,2137000,age05_09,/women
2029,women,10,2341000,age10_14,/women
2029,women,15,2508000,age15_19,/women
2029,women,20,2689000,age20_24,/women
2029,women,25,2908000,age25_29,/women
2029,women,30,3048000,age30_34,/women
2029,women,35,3002000,age35_39,/women
2029,women,40,3285000,age40_44,/women
2029,women,45,3696000,age45_49,/women
2029,women,50,4267000,age50_54,/women
2029,women,55,4761000,age55_59,/women
2029,women,60,4148000,age60_64,/women
2029,women,65,3731000,age65_69,/women
2029,women,70,3597000,age70_74,/women
2029,women,75,4189000,age75_79,/women
2029,women,80,9444000,age80_,/women
2030,men,0,2122000,age00_04,/men
2030,men,5,2218000,age05_09,/men
2030,men,10,2415000,age10_14,/men
2030,men,15,2592000,age15_19,/men
2030,men,20,2788000,age20_24,/men
2030,men,25,3001000,age25_29,/men
2030,men,30,3213000,age30_34,/men
2030,men,35,3163000,age35_39,/men
2030,men,40,3311000,age40_44,/men
2030,men,45,3682000,age45_49,/men
2030,men,50,4169000,age50_54,/men
2030,men,55,4761000,age55_59,/men
2030,men,60,4221000,age60_64,/men
2030,men,65,3592000,age65_69,/men
2030,men,70,3232000,age70_74,/men
2030,men,75,3337000,age75_79,/men
2030,men,80,5884000,age80_,/men
2030,women,0,2018000,age00_04,/women
2030,women,5,2106000,age05_09,/women
2030,women,10,2304000,age10_14,/women
2030,women,15,2475000,age15_19,/women
2030,women,20,2674000,age20_24,/women
2030,women,25,2857000,age25_29,/women
2030,women,30,3044000,age30_34,/women
2030,women,35,3002000,age35_39,/women
2030,women,40,3196000,age40_44,/women
2030,women,45,3622000,age45_49,/women
2030,women,50,4104000,age50_54,/women
2030,women,55,4754000,age55_59,/women
2030,women,60,4275000,age60_64,/women
2030,women,65,3770000,age65_69,/women
2030,women,70,3565000,age70_74,/women
2030,women,75,3936000,age75_79,/women
2030,women,80,9727000,age80_,/women
2031,men,0,2109000,age00_04,/men
2031,men,5,2190000,age05_09,/men
2031,men,10,2374000,age10_14,/men
2031,men,15,2560000,age15_19,/men
2031,men,20,2767000,age20_24,/men
2031,men,25,2952000,age25_29,/men
2031,men,30,3193000,age30_34,/men
2031,men,35,3177000,age35_39,/men
2031,men,40,3243000,age40_44,/men
2031,men,45,3605000,age45_49,/men
2031,men,50,4024000,age50_54,/men
2031,men,55,4693000,age55_59,/men
2031,men,60,4357000,age60_64,/men
2031,men,65,3645000,age65_69,/men
2031,men,70,3227000,age70_74,/men
2031,men,75,3179000,age75_79,/men
2031,men,80,6021000,age80_,/men
2031,women,0,2006000,age00_04,/women
2031,women,5,2081000,age05_09,/women
2031,women,10,2262000,age10_14,/women
2031,women,15,2445000,age15_19,/women
2031,women,20,2657000,age20_24,/women
2031,women,25,2810000,age25_29,/women
2031,women,30,3028000,age30_34,/women
2031,women,35,3012000,age35_39,/women
2031,women,40,3119000,age40_44,/women
2031,women,45,3544000,age45_49,/women
2031,women,50,3964000,age50_54,/women
2031,women,55,4682000,age55_59,/women
2031,women,60,4414000,age60_64,/women
2031,women,65,3816000,age65_69,/women
2031,women,70,3558000,age70_74,/women
2031,women,75,3730000,age75_79,/women
2031,women,80,9933000,age80_,/women
2032,men,0,2095000,age00_04,/men
2032,men,5,2169000,age05_09,/men
2032,men,10,2331000,age10_14,/men
2032,men,15,2529000,age15_19,/men
2032,men,20,2742000,age20_24,/men
2032,men,25,2912000,age25_29,/men
2032,men,30,3158000,age30_34,/men
2032,men,35,3191000,age35_39,/men
2032,men,40,3194000,age40_44,/men
2032,men,45,3526000,age45_49,/men
2032,men,50,3903000,age50_54,/men
2032,men,55,4573000,age55_59,/men
2032,men,60,4481000,age60_64,/men
2032,men,65,3717000,age65_69,/men
2032,men,70,3240000,age70_74,/men
2032,men,75,3058000,age75_79,/men
2032,men,80,6113000,age80_,/men
2032,women,0,1993000,age00_04,/women
2032,women,5,2062000,age05_09,/women
2032,women,10,2218000,age10_14,/women
2032,women,15,2417000,age15_19,/women
2032,women,20,2634000,age20_24,/women
2032,women,25,2772000,age25_29,/women
2032,women,30,2998000,age30_34,/women
2032,women,35,3027000,age35_39,/women
2032,women,40,3058000,age40_44,/women
2032,women,45,3460000,age45_49,/women
2032,women,50,3846000,age50_54,/women
2032,women,55,4559000,age55_59,/women
2032,women,60,4543000,age60_64,/women
2032,women,65,3880000,age65_69,/women
2032,women,70,3568000,age70_74,/women
2032,women,75,3583000,age75_79,/women
2032,women,80,10064000,age80_,/women
2033,men,0,2080000,age00_04,/men
2033,men,5,2151000,age05_09,/men
2033,men,10,2290000,age10_14,/men
2033,men,15,2498000,age15_19,/men
2033,men,20,2711000,age20_24,/men
2033,men,25,2882000,age25_29,/men
2033,men,30,3114000,age30_34,/men
2033,men,35,3202000,age35_39,/men
2033,men,40,3162000,age40_44,/men
2033,men,45,3444000,age45_49,/men
2033,men,50,3800000,age50_54,/men
2033,men,55,4421000,age55_59,/men
2033,men,60,4576000,age60_64,/men
2033,men,65,3808000,age65_69,/men
2033,men,70,3267000,age70_74,/men
2033,men,75,2971000,age75_79,/men
2033,men,80,6154000,age80_,/men
2033,women,0,1977000,age00_04,/women
2033,women,5,2047000,age05_09,/women
2033,women,10,2178000,age10_14,/women
2033,women,15,2389000,age15_19,/women
2033,women,20,2604000,age20_24,/women
2033,women,25,2746000,age25_29,/women
2033,women,30,2958000,age30_34,/women
2033,women,35,3038000,age35_39,/women
2033,women,40,3020000,age40_44,/women
2033,women,45,3369000,age45_49,/women
2033,women,50,3753000,age50_54,/women
2033,women,55,4400000,age55_59,/women
2033,women,60,4641000,age60_64,/women
2033,women,65,3967000,age65_69,/women
2033,women,70,3590000,age70_74,/women
2033,women,75,3487000,age75_79,/women
2033,women,80,10133000,age80_,/women
2034,men,0,2063000,age00_04,/men
2034,men,5,2136000,age05_09,/men
2034,men,10,2252000,age10_14,/men
2034,men,15,2465000,age15_19,/men
2034,men,20,2680000,age20_24,/men
2034,men,25,2858000,age25_29,/men
2034,men,30,3062000,age30_34,/men
2034,men,35,3208000,age35_39,/men
2034,men,40,3147000,age40_44,/men
2034,men,45,3363000,age45_49,/men
2034,men,50,3712000,age50_54,/men
2034,men,55,4259000,age55_59,/men
2034,men,60,4626000,age60_64,/men
2034,men,65,3916000,age65_69,/men
2034,men,70,3303000,age70_74,/men
2034,men,75,2919000,age75_79,/men
2034,men,80,6164000,age80_,/men
2034,women,0,1961000,age00_04,/women
2034,women,5,2032000,age05_09,/women
2034,women,10,2143000,age10_14,/women
2034,women,15,2355000,age15_19,/women
2034,women,20,2572000,age20_24,/women
2034,women,25,2727000,age25_29,/women
2034,women,30,2911000,age30_34,/women
2034,women,35,3042000,age35_39,/women
2034,women,40,3003000,age40_44,/women
2034,women,45,3276000,age45_49,/women
2034,women,50,3672000,age50_54,/women
2034,women,55,4232000,age55_59,/women
2034,women,60,4690000,age60_64,/women
2034,women,65,4077000,age65_69,/women
2034,women,70,3622000,age70_74,/women
2034,women,75,3429000,age75_79,/women
2034,women,80,10159000,age80_,/women
2035,men,0,2046000,age00_04,/men
2035,men,5,2122000,age05_09,/men
2035,men,10,2222000,age10_14,/men
2035,men,15,2427000,age15_19,/men
2035,men,20,2647000,age20_24,/men
2035,men,25,2837000,age25_29,/men
2035,men,30,3010000,age30_34,/men
2035,men,35,3200000,age35_39,/men
2035,men,40,3149000,age40_44,/men
2035,men,45,3287000,age45_49,/men
2035,men,50,3637000,age50_54,/men
2035,men,55,4098000,age55_59,/men
2035,men,60,4620000,age60_64,/men
2035,men,65,4040000,age65_69,/men
2035,men,70,3347000,age70_74,/men
2035,men,75,2894000,age75_79,/men
2035,men,80,6142000,age80_,/men
2035,women,0,1943000,age00_04,/women
2035,women,5,2018000,age05_09,/women
2035,women,10,2111000,age10_14,/women
2035,women,15,2318000,age15_19,/women
2035,women,20,2540000,age20_24,/women
2035,women,25,2710000,age25_29,/women
2035,women,30,2864000,age30_34,/women
2035,women,35,3037000,age35_39,/women
2035,women,40,3001000,age40_44,/women
2035,women,45,3191000,age45_49,/women
2035,women,50,3595000,age50_54,/women
2035,women,55,4076000,age55_59,/women
2035,women,60,4677000,age60_64,/women
2035,women,65,4205000,age65_69,/women
2035,women,70,3659000,age70_74,/women
2035,women,75,3399000,age75_79,/women
2035,women,80,10150000,age80_,/women
2036,men,0,2027000,age00_04,/men
2036,men,5,2108000,age05_09,/men
2036,men,10,2194000,age10_14,/men
2036,men,15,2387000,age15_19,/men
2036,men,20,2615000,age20_24,/men
2036,men,25,2816000,age25_29,/men
2036,men,30,2961000,age30_34,/men
2036,men,35,3181000,age35_39,/men
2036,men,40,3158000,age40_44,/men
2036,men,45,3221000,age45_49,/men
2036,men,50,3560000,age50_54,/men
2036,men,55,3954000,age55_59,/men
2036,men,60,4556000,age60_64,/men
2036,men,65,4169000,age65_69,/men
2036,men,70,3402000,age70_74,/men
2036,men,75,2892000,age75_79,/men
2036,men,80,6101000,age80_,/men
2036,women,0,1926000,age00_04,/women
2036,women,5,2004000,age05_09,/women
2036,women,10,2086000,age10_14,/women
2036,women,15,2278000,age15_19,/women
2036,women,20,2509000,age20_24,/women
2036,women,25,2691000,age25_29,/women
2036,women,30,2820000,age30_34,/women
2036,women,35,3021000,age35_39,/women
2036,women,40,3009000,age40_44,/women
2036,women,45,3116000,age45_49,/women
2036,women,50,3517000,age50_54,/women
2036,women,55,3938000,age55_59,/women
2036,women,60,4610000,age60_64,/women
2036,women,65,4337000,age65_69,/women
2036,women,70,3712000,age70_74,/women
2036,women,75,3391000,age75_79,/women
2036,women,80,10115000,age80_,/women
2037,men,0,2007000,age00_04,/men
2037,men,5,2093000,age05_09,/men
2037,men,10,2171000,age10_14,/men
2037,men,15,2345000,age15_19,/men
2037,men,20,2583000,age20_24,/men
2037,men,25,2792000,age25_29,/men
2037,men,30,2921000,age30_34,/men
2037,men,35,3148000,age35_39,/men
2037,men,40,3174000,age40_44,/men
2037,men,45,3172000,age45_49,/men
2037,men,50,3484000,age50_54,/men
2037,men,55,3833000,age55_59,/men
2037,men,60,4445000,age60_64,/men
2037,men,65,4287000,age65_69,/men
2037,men,70,3471000,age70_74,/men
2037,men,75,2906000,age75_79,/men
2037,men,80,6052000,age80_,/men
2037,women,0,1908000,age00_04,/women
2037,women,5,1991000,age05_09,/women
2037,women,10,2065000,age10_14,/women
2037,women,15,2236000,age15_19,/women
2037,women,20,2479000,age20_24,/women
2037,women,25,2667000,age25_29,/women
2037,women,30,2784000,age30_34,/women
2037,women,35,2991000,age35_39,/women
2037,women,40,3021000,age40_44,/women
2037,women,45,3059000,age45_49,/women
2037,women,50,3431000,age50_54,/women
2037,women,55,3821000,age55_59,/women
2037,women,60,4493000,age60_64,/women
2037,women,65,4457000,age65_69,/women
2037,women,70,3779000,age70_74,/women
2037,women,75,3401000,age75_79,/women
2037,women,80,10063000,age80_,/women
2038,men,0,1987000,age00_04,/men
2038,men,5,2078000,age05_09,/men
2038,men,10,2153000,age10_14,/men
2038,men,15,2306000,age15_19,/men
2038,men,20,2551000,age20_24,/men
2038,men,25,2762000,age25_29,/men
2038,men,30,2890000,age30_34,/men
2038,men,35,3103000,age35_39,/men
2038,men,40,3186000,age40_44,/men
2038,men,45,3139000,age45_49,/men
2038,men,50,3404000,age50_54,/men
2038,men,55,3732000,age55_59,/men
2038,men,60,4301000,age60_64,/men
2038,men,65,4380000,age65_69,/men
2038,men,70,3558000,age70_74,/men
2038,men,75,2932000,age75_79,/men
2038,men,80,5998000,age80_,/men
2038,women,0,1889000,age00_04,/women
2038,women,5,1977000,age05_09,/women
2038,women,10,2049000,age10_14,/women
2038,women,15,2196000,age15_19,/women
2038,women,20,2447000,age20_24,/women
2038,women,25,2640000,age25_29,/women
2038,women,30,2756000,age30_34,/women
2038,women,35,2952000,age35_39,/women
2038,women,40,3030000,age40_44,/women
2038,women,45,3020000,age45_49,/women
2038,women,50,3343000,age50_54,/women
2038,women,55,3725000,age55_59,/women
2038,women,60,4345000,age60_64,/women
2038,women,65,4549000,age65_69,/women
2038,women,70,3868000,age70_74,/women
2038,women,75,3423000,age75_79,/women
2038,women,80,10005000,age80_,/women
2039,men,0,1966000,age00_04,/men
2039,men,5,2062000,age05_09,/men
2039,men,10,2138000,age10_14,/men
2039,men,15,2267000,age15_19,/men
2039,men,20,2518000,age20_24,/men
2039,men,25,2728000,age25_29,/men
2039,men,30,2866000,age30_34,/men
2039,men,35,3052000,age35_39,/men
2039,men,40,3190000,age40_44,/men
2039,men,45,3125000,age45_49,/men
2039,men,50,3325000,age50_54,/men
2039,men,55,3648000,age55_59,/men
2039,men,60,4142000,age60_64,/men
2039,men,65,4427000,age65_69,/men
2039,men,70,3662000,age70_74,/men
2039,men,75,2966000,age75_79,/men
2039,men,80,5946000,age80_,/men
2039,women,0,1870000,age00_04,/women
2039,women,5,1961000,age05_09,/women
2039,women,10,2034000,age10_14,/women
2039,women,15,2162000,age15_19,/women
2039,women,20,2413000,age20_24,/women
2039,women,25,2609000,age25_29,/women
2039,women,30,2733000,age30_34,/women
2039,women,35,2908000,age35_39,/women
2039,women,40,3035000,age40_44,/women
2039,women,45,3e+06,age45_49,/women
2039,women,50,3254000,age50_54,/women
2039,women,55,3639000,age55_59,/women
2039,women,60,4186000,age60_64,/women
2039,women,65,4593000,age65_69,/women
2039,women,70,3976000,age70_74,/women
2039,women,75,3456000,age75_79,/women
2039,women,80,9941000,age80_,/women
2040,men,0,1945000,age00_04,/men
2040,men,5,2044000,age05_09,/men
2040,men,10,2123000,age10_14,/men
2040,men,15,2234000,age15_19,/men
2040,men,20,2479000,age20_24,/men
2040,men,25,2696000,age25_29,/men
2040,men,30,2845000,age30_34,/men
2040,men,35,3e+06,age35_39,/men
2040,men,40,3184000,age40_44,/men
2040,men,45,3125000,age45_49,/men
2040,men,50,3248000,age50_54,/men
2040,men,55,3572000,age55_59,/men
2040,men,60,3986000,age60_64,/men
2040,men,65,4424000,age65_69,/men
2040,men,70,3780000,age70_74,/men
2040,men,75,3011000,age75_79,/men
2040,men,80,5894000,age80_,/men
2040,women,0,1851000,age00_04,/women
2040,women,5,1945000,age05_09,/women
2040,women,10,2022000,age10_14,/women
2040,women,15,2131000,age15_19,/women
2040,women,20,2375000,age20_24,/women
2040,women,25,2580000,age25_29,/women
2040,women,30,2713000,age30_34,/women
2040,women,35,2863000,age35_39,/women
2040,women,40,3031000,age40_44,/women
2040,women,45,2996000,age45_49,/women
2040,women,50,3172000,age50_54,/women
2040,women,55,3561000,age55_59,/women
2040,women,60,4031000,age60_64,/women
2040,women,65,4586000,age65_69,/women
2040,women,70,4096000,age70_74,/women
2040,women,75,3499000,age75_79,/women
2040,women,80,9878000,age80_,/women
2041,men,0,1925000,age00_04,/men
2041,men,5,2025000,age05_09,/men
2041,men,10,2110000,age10_14,/men
2041,men,15,2208000,age15_19,/men
2041,men,20,2439000,age20_24,/men
2041,men,25,2663000,age25_29,/men
2041,men,30,2825000,age30_34,/men
2041,men,35,2951000,age35_39,/men
2041,men,40,3165000,age40_44,/men
2041,men,45,3137000,age45_49,/men
2041,men,50,3185000,age50_54,/men
2041,men,55,3498000,age55_59,/men
2041,men,60,3850000,age60_64,/men
2041,men,65,4364000,age65_69,/men
2041,men,70,3902000,age70_74,/men
2041,men,75,3062000,age75_79,/men
2041,men,80,5853000,age80_,/men
2041,women,0,1831000,age00_04,/women
2041,women,5,1927000,age05_09,/women
2041,women,10,2008000,age10_14,/women
2041,women,15,2104000,age15_19,/women
2041,women,20,2334000,age20_24,/women
2041,women,25,2547000,age25_29,/women
2041,women,30,2694000,age30_34,/women
2041,women,35,2820000,age35_39,/women
2041,women,40,3014000,age40_44,/women
2041,women,45,3e+06,age45_49,/women
2041,women,50,3099000,age50_54,/women
2041,women,55,3481000,age55_59,/women
2041,women,60,3894000,age60_64,/women
2041,women,65,4524000,age65_69,/women
2041,women,70,4224000,age70_74,/women
2041,women,75,3552000,age75_79,/women
2041,women,80,9809000,age80_,/women
2042,men,0,1905000,age00_04,/men
2042,men,5,2005000,age05_09,/men
2042,men,10,2095000,age10_14,/men
2042,men,15,2184000,age15_19,/men
2042,men,20,2396000,age20_24,/men
2042,men,25,2631000,age25_29,/men
2042,men,30,2799000,age30_34,/men
2042,men,35,2913000,age35_39,/men
2042,men,40,3131000,age40_44,/men
2042,men,45,3152000,age45_49,/men
2042,men,50,3135000,age50_54,/men
2042,men,55,3423000,age55_59,/men
2042,men,60,3732000,age60_64,/men
2042,men,65,4258000,age65_69,/men
2042,men,70,4015000,age70_74,/men
2042,men,75,3127000,age75_79,/men
2042,men,80,5821000,age80_,/men
2042,women,0,1810000,age00_04,/women
2042,women,5,1909000,age05_09,/women
2042,women,10,1995000,age10_14,/women
2042,women,15,2082000,age15_19,/women
2042,women,20,2292000,age20_24,/women
2042,women,25,2517000,age25_29,/women
2042,women,30,2671000,age30_34,/women
2042,women,35,2783000,age35_39,/women
2042,women,40,2987000,age40_44,/women
2042,women,45,3013000,age45_49,/women
2042,women,50,3044000,age50_54,/women
2042,women,55,3401000,age55_59,/women
2042,women,60,3778000,age60_64,/women
2042,women,65,4412000,age65_69,/women
2042,women,70,4339000,age70_74,/women
2042,women,75,3620000,age75_79,/women
2042,women,80,9751000,age80_,/women
2043,men,0,1885000,age00_04,/men
2043,men,5,1985000,age05_09,/men
2043,men,10,2081000,age10_14,/men
2043,men,15,2166000,age15_19,/men
2043,men,20,2353000,age20_24,/men
2043,men,25,2598000,age25_29,/men
2043,men,30,2770000,age30_34,/men
2043,men,35,2880000,age35_39,/men
2043,men,40,3086000,age40_44,/men
2043,men,45,3163000,age45_49,/men
2043,men,50,3103000,age50_54,/men
2043,men,55,3346000,age55_59,/men
2043,men,60,3635000,age60_64,/men
2043,men,65,4121000,age65_69,/men
2043,men,70,4101000,age70_74,/men
2043,men,75,3210000,age75_79,/men
2043,men,80,5804000,age80_,/men
2043,women,0,1790000,age00_04,/women
2043,women,5,1890000,age05_09,/women
2043,women,10,1979000,age10_14,/women
2043,women,15,2065000,age15_19,/women
2043,women,20,2253000,age20_24,/women
2043,women,25,2485000,age25_29,/women
2043,women,30,2644000,age30_34,/women
2043,women,35,2754000,age35_39,/women
2043,women,40,2948000,age40_44,/women
2043,women,45,3022000,age45_49,/women
2043,women,50,3005000,age50_54,/women
2043,women,55,3313000,age55_59,/women
2043,women,60,3680000,age60_64,/women
2043,women,65,4270000,age65_69,/women
2043,women,70,4429000,age70_74,/women
2043,women,75,3707000,age75_79,/women
2043,women,80,9702000,age80_,/women
2044,men,0,1863000,age00_04,/men
2044,men,5,1965000,age05_09,/men
2044,men,10,2063000,age10_14,/men
2044,men,15,2152000,age15_19,/men
2044,men,20,2316000,age20_24,/men
2044,men,25,2564000,age25_29,/men
2044,men,30,2738000,age30_34,/men
2044,men,35,2857000,age35_39,/men
2044,men,40,3037000,age40_44,/men
2044,men,45,3167000,age45_49,/men
2044,men,50,3090000,age50_54,/men
2044,men,55,3267000,age55_59,/men
2044,men,60,3552000,age60_64,/men
2044,men,65,3971000,age65_69,/men
2044,men,70,4147000,age70_74,/men
2044,men,75,3307000,age75_79,/men
2044,men,80,5795000,age80_,/men
2044,women,0,1770000,age00_04,/women
2044,women,5,1870000,age05_09,/women
2044,women,10,1963000,age10_14,/women
2044,women,15,2052000,age15_19,/women
2044,women,20,2215000,age20_24,/women
2044,women,25,2449000,age25_29,/women
2044,women,30,2614000,age30_34,/women
2044,women,35,2731000,age35_39,/women
2044,women,40,2905000,age40_44,/women
2044,women,45,3029000,age45_49,/women
2044,women,50,2984000,age50_54,/women
2044,women,55,3228000,age55_59,/women
2044,women,60,3596000,age60_64,/women
2044,women,65,4114000,age65_69,/women
2044,women,70,4475000,age70_74,/women
2044,women,75,3810000,age75_79,/women
2044,women,80,9662000,age80_,/women
2045,men,0,1841000,age00_04,/men
2045,men,5,1945000,age05_09,/men
2045,men,10,2047000,age10_14,/men
2045,men,15,2136000,age15_19,/men
2045,men,20,2282000,age20_24,/men
2045,men,25,2525000,age25_29,/men
2045,men,30,2704000,age30_34,/men
2045,men,35,2837000,age35_39,/men
2045,men,40,2985000,age40_44,/men
2045,men,45,3162000,age45_49,/men
2045,men,50,3091000,age50_54,/men
2045,men,55,3194000,age55_59,/men
2045,men,60,3481000,age60_64,/men
2045,men,65,3824000,age65_69,/men
2045,men,70,4145000,age70_74,/men
2045,men,75,3416000,age75_79,/men
2045,men,80,5806000,age80_,/men
2045,women,0,1750000,age00_04,/women
2045,women,5,1850000,age05_09,/women
2045,women,10,1948000,age10_14,/women
2045,women,15,2037000,age15_19,/women
2045,women,20,2184000,age20_24,/women
2045,women,25,2411000,age25_29,/women
2045,women,30,2582000,age30_34,/women
2045,women,35,2711000,age35_39,/women
2045,women,40,2859000,age40_44,/women
2045,women,45,3023000,age45_49,/women
2045,women,50,2979000,age50_54,/women
2045,women,55,3146000,age55_59,/women
2045,women,60,3518000,age60_64,/women
2045,women,65,3964000,age65_69,/women
2045,women,70,4467000,age70_74,/women
2045,women,75,3929000,age75_79,/women
2045,women,80,9637000,age80_,/women
2046,men,0,1819000,age00_04,/men
2046,men,5,1925000,age05_09,/men
2046,men,10,2029000,age10_14,/men
2046,men,15,2123000,age15_19,/men
2046,men,20,2254000,age20_24,/men
2046,men,25,2484000,age25_29,/men
2046,men,30,2671000,age30_34,/men
2046,men,35,2816000,age35_39,/men
2046,men,40,2937000,age40_44,/men
2046,men,45,3143000,age45_49,/men
2046,men,50,3103000,age50_54,/men
2046,men,55,3130000,age55_59,/men
2046,men,60,3409000,age60_64,/men
2046,men,65,3693000,age65_69,/men
2046,men,70,4090000,age70_74,/men
2046,men,75,3529000,age75_79,/men
2046,men,80,5833000,age80_,/men
2046,women,0,1730000,age00_04,/women
2046,women,5,1830000,age05_09,/women
2046,women,10,1929000,age10_14,/women
2046,women,15,2025000,age15_19,/women
2046,women,20,2157000,age20_24,/women
2046,women,25,2370000,age25_29,/women
2046,women,30,2552000,age30_34,/women
2046,women,35,2690000,age35_39,/women
2046,women,40,2817000,age40_44,/women
2046,women,45,3008000,age45_49,/women
2046,women,50,2986000,age50_54,/women
2046,women,55,3075000,age55_59,/women
2046,women,60,3440000,age60_64,/women
2046,women,65,3829000,age65_69,/women
2046,women,70,4408000,age70_74,/women
2046,women,75,4051000,age75_79,/women
2046,women,80,9630000,age80_,/women
2047,men,0,1797000,age00_04,/men
2047,men,5,1904000,age05_09,/men
2047,men,10,2010000,age10_14,/men
2047,men,15,2110000,age15_19,/men
2047,men,20,2232000,age20_24,/men
2047,men,25,2440000,age25_29,/men
2047,men,30,2639000,age30_34,/men
2047,men,35,2792000,age35_39,/men
2047,men,40,2898000,age40_44,/men
2047,men,45,3110000,age45_49,/men
2047,men,50,3117000,age50_54,/men
2047,men,55,3083000,age55_59,/men
2047,men,60,3336000,age60_64,/men
2047,men,65,3583000,age65_69,/men
2047,men,70,3993000,age70_74,/men
2047,men,75,3630000,age75_79,/men
2047,men,80,5888000,age80_,/men
2047,women,0,1708000,age00_04,/women
2047,women,5,1810000,age05_09,/women
2047,women,10,1910000,age10_14,/women
2047,women,15,2011000,age15_19,/women
2047,women,20,2136000,age20_24,/women
2047,women,25,2327000,age25_29,/women
2047,women,30,2521000,age30_34,/women
2047,women,35,2668000,age35_39,/women
2047,women,40,2780000,age40_44,/women
2047,women,45,2980000,age45_49,/women
2047,women,50,2997000,age50_54,/women
2047,women,55,3018000,age55_59,/women
2047,women,60,3360000,age60_64,/women
2047,women,65,3714000,age65_69,/women
2047,women,70,4300000,age70_74,/women
2047,women,75,4163000,age75_79,/women
2047,women,80,9656000,age80_,/women
2048,men,0,1774000,age00_04,/men
2048,men,5,1883000,age05_09,/men
2048,men,10,1989000,age10_14,/men
2048,men,15,2093000,age15_19,/men
2048,men,20,2213000,age20_24,/men
2048,men,25,2399000,age25_29,/men
2048,men,30,2607000,age30_34,/men
2048,men,35,2760000,age35_39,/men
2048,men,40,2866000,age40_44,/men
2048,men,45,3067000,age45_49,/men
2048,men,50,3131000,age50_54,/men
2048,men,55,3053000,age55_59,/men
2048,men,60,3261000,age60_64,/men
2048,men,65,3490000,age65_69,/men
2048,men,70,3866000,age70_74,/men
2048,men,75,3710000,age75_79,/men
2048,men,80,5960000,age80_,/men
2048,women,0,1687000,age00_04,/women
2048,women,5,1791000,age05_09,/women
2048,women,10,1893000,age10_14,/women
2048,women,15,1996000,age15_19,/women
2048,women,20,2117000,age20_24,/women
2048,women,25,2287000,age25_29,/women
2048,women,30,2489000,age30_34,/women
2048,women,35,2642000,age35_39,/women
2048,women,40,2751000,age40_44,/women
2048,women,45,2943000,age45_49,/women
2048,women,50,3007000,age50_54,/women
2048,women,55,2980000,age55_59,/women
2048,women,60,3276000,age60_64,/women
2048,women,65,3619000,age65_69,/women
2048,women,70,4162000,age70_74,/women
2048,women,75,4250000,age75_79,/women
2048,women,80,9705000,age80_,/women
2049,men,0,1751000,age00_04,/men
2049,men,5,1862000,age05_09,/men
2049,men,10,1969000,age10_14,/men
2049,men,15,2077000,age15_19,/men
2049,men,20,2196000,age20_24,/men
2049,men,25,2359000,age25_29,/men
2049,men,30,2572000,age30_34,/men
2049,men,35,2730000,age35_39,/men
2049,men,40,2844000,age40_44,/men
2049,men,45,3016000,age45_49,/men
2049,men,50,3134000,age50_54,/men
2049,men,55,3041000,age55_59,/men
2049,men,60,3186000,age60_64,/men
2049,men,65,3413000,age65_69,/men
2049,men,70,3727000,age70_74,/men
2049,men,75,3754000,age75_79,/men
2049,men,80,6061000,age80_,/men
2049,women,0,1666000,age00_04,/women
2049,women,5,1771000,age05_09,/women
2049,women,10,1875000,age10_14,/women
2049,women,15,1981000,age15_19,/women
2049,women,20,2102000,age20_24,/women
2049,women,25,2250000,age25_29,/women
2049,women,30,2454000,age30_34,/women
2049,women,35,2613000,age35_39,/women
2049,women,40,2728000,age40_44,/women
2049,women,45,2898000,age45_49,/women
2049,women,50,3013000,age50_54,/women
2049,women,55,2959000,age55_59,/women
2049,women,60,3190000,age60_64,/women
2049,women,65,3537000,age65_69,/women
2049,women,70,4012000,age70_74,/women
2049,women,75,4295000,age75_79,/women
2049,women,80,9790000,age80_,/women
2050,men,0,1729000,age00_04,/men
2050,men,5,1841000,age05_09,/men
2050,men,10,1948000,age10_14,/men
2050,men,15,2060000,age15_19,/men
2050,men,20,2183000,age20_24,/men
2050,men,25,2324000,age25_29,/men
2050,men,30,2534000,age30_34,/men
2050,men,35,2695000,age35_39,/men
2050,men,40,2822000,age40_44,/men
2050,men,45,2965000,age45_49,/men
2050,men,50,3129000,age50_54,/men
2050,men,55,3041000,age55_59,/men
2050,men,60,3115000,age60_64,/men
2050,men,65,3343000,age65_69,/men
2050,men,70,3592000,age70_74,/men
2050,men,75,3752000,age75_79,/men
2050,men,80,6183000,age80_,/men
2050,women,0,1643000,age00_04,/women
2050,women,5,1751000,age05_09,/women
2050,women,10,1855000,age10_14,/women
2050,women,15,1964000,age15_19,/women
2050,women,20,2088000,age20_24,/women
2050,women,25,2217000,age25_29,/women
2050,women,30,2415000,age30_34,/women
2050,women,35,2582000,age35_39,/women
2050,women,40,2709000,age40_44,/women
2050,women,45,2853000,age45_49,/women
2050,women,50,3008000,age50_54,/women
2050,women,55,2954000,age55_59,/women
2050,women,60,3110000,age60_64,/women
2050,women,65,3460000,age65_69,/women
2050,women,70,3866000,age70_74,/women
2050,women,75,4289000,age75_79,/women
2050,women,80,9905000,age80_,/women
